id	blast	pfam	prosite	kegg	go	comments
ABO11628	['gi|1196949756|ref|WP_086377352.1|', 'nuclease [Acinetobacter baumannii] >gi|1193455890|gb|OTT73049.1| nuclease [Acinetobacter baumannii]', 'WP_086377352', '0.0']	noHomolog	noHomolog	noHomolog	noHomolog	301 -> nuclease; lamin tail domain -> Likely to be a nuclease or an intermediate filament in the nuclear domain. Not likely to be related to antibacterial resistance.
ABO11629	['gi|446703992|ref|WP_000781338.1|', 'MULTISPECIES: glutathione S-transferase [Acinetobacter calcoaceticus/baumannii complex] >gi|12638713...', 'WP_000781338', '7.08485e-147']	{'PF02798': {'accession': 'PF02798.19', 'class': 'Domain', 'id': 'GST_N', 'locations': {'ali_end': '75', 'ali_start': '2', 'bitscore': '37.538200378418', 'end': '75', 'evalue': '1.2e-09', 'evidence': 'hmmer v3.0', 'hmm_end': '76', 'hmm_start': '4', 'significant': '1', 'start': '2'}, 'type': 'Pfam-A'}}	[{'sequence_ac': 'USERSEQ1', 'start': 1, 'stop': 81, 'signature_ac': 'PS50404', 'score': '14.701', 'level': '0'}, {'sequence_ac': 'USERSEQ1', 'start': 86, 'stop': 203, 'signature_ac': 'PS50405', 'score': '15.179', 'level': '0'}]	{'acb00480': 'Glutathione metabolism'}	['GO:protein binding ; GO:0005515']	302 -> glutathione S-transferase -> Enzyme that converts glutathione to other substances with detoxifying properties. Not likely to be related to antibacterial resistance.
ABO11630	['gi|1098612794|ref|WP_071243622.1|', 'alkyl hydroperoxide reductase subunit F [Acinetobacter baumannii] >gi|1096695791|gb|OIF75596.1| alky...', 'WP_071243622', '0.0']	{'PF07992': {'accession': 'PF07992.13', 'class': 'Domain', 'id': 'Pyr_redox_2', 'locations': {'ali_end': '256', 'ali_start': '20', 'bitscore': '130.099945068359', 'end': '256', 'evalue': '2.4e-38', 'evidence': 'hmmer v3.0', 'hmm_end': '291', 'hmm_start': '55', 'significant': '1', 'start': '20'}, 'type': 'Pfam-A'}}	[{'sequence_ac': 'USERSEQ1', 'start': 97, 'stop': 117, 'signature_ac': 'PS00573', 'level_tag': '(0)'}, {'sequence_ac': 'USERSEQ1', 'start': 215, 'stop': 240, 'signature_ac': 'PS51125', 'score': '4.318', 'level': '-1'}]	noHomolog	['GO:oxidoreductase activity ; GO:0016491', 'GO:oxidation-reduction process ; GO:0055114']	303 -> alkyl hydroperoxide reductase subunit F -> Reduces alkyl hyrdroperoxides to protect DNA from damage. Not likely to be related to antibacterial resistance.
ABO11631	['gi|126387133|gb|ABO11631.1|', 'alkyl hydroperoxide reductase subunit F [Acinetobacter baumannii ATCC 17978]', 'ABO11631', '1.60098e-134']	noHomolog	[{'sequence_ac': 'USERSEQ1', 'start': 115, 'stop': 184, 'signature_ac': 'PS51354', 'score': '8.070', 'level': '-1'}]	noHomolog	noHomolog	304 -> alkyl hydroperoxide reductase subunit F -> Reduces alkyl hyrdroperoxides to protect DNA from damage. Not likely to be related to antibacterial resistance.
ABO11632	['gi|445980391|ref|WP_000058246.1|', 'MULTISPECIES: hypothetical protein [Acinetobacter calcoaceticus/baumannii complex] >gi|126387134|gb|...', 'WP_000058246', '6.26216e-47']	{'PF07866': {'accession': 'PF07866.10', 'class': 'Domain', 'id': 'DUF1653', 'locations': {'ali_end': '67', 'ali_start': '6', 'bitscore': '99.8265151977539', 'end': '67', 'evalue': '6.3e-29', 'evidence': 'hmmer v3.0', 'hmm_end': '61', 'hmm_start': '1', 'significant': '1', 'start': '6'}, 'type': 'Pfam-A'}}	noHomolog	noHomolog	noHomolog	305 -> Hypothetical Protein -> In the DUF1653 pfam family.
ABO11634	['gi|691014800|ref|WP_031976756.1|', 'lysine tRNA synthetase [Acinetobacter baumannii]', 'WP_031976756', '1.88324e-45']	{'PF13619': {'accession': 'PF13619.5', 'class': 'Domain', 'id': 'KTSC', 'locations': {'ali_end': '56', 'ali_start': '6', 'bitscore': '32.5400924682617', 'end': '56', 'evalue': '4.3e-08', 'evidence': 'hmmer v3.0', 'hmm_end': '54', 'hmm_start': '4', 'significant': '1', 'start': '6'}, 'type': 'Pfam-A'}}	noHomolog	noHomolog	noHomolog	306 -> lysine tRNA synthetase; KTSC domain protein  -> A ligase that uses ATP to bond lysine with tRNA that holds lysine for translation. Not likely to be related to antibacterial resistance.
ABO11636	['gi|126387138|gb|ABO11636.1|', 'ATP-dependent helicase [Acinetobacter baumannii ATCC 17978]', 'ABO11636', '0.0']	{'PF11898': {'accession': 'PF11898.7', 'class': 'Domain', 'id': 'DUF3418', 'locations': {'ali_end': '923', 'ali_start': '629', 'bitscore': '309.436767578125', 'end': '923', 'evalue': '2.8e-92', 'evidence': 'hmmer v3.0', 'hmm_end': '301', 'hmm_start': '1', 'significant': '1', 'start': '629'}, 'type': 'Pfam-A'}}	[{'sequence_ac': 'USERSEQ1', 'start': 1, 'stop': 17, 'signature_ac': 'PS50837', 'score': '7.145', 'level': '-1'}, {'sequence_ac': 'USERSEQ1', 'start': 1, 'stop': 60, 'signature_ac': 'PS50936', 'score': '6.775', 'level': '-1'}, {'sequence_ac': 'USERSEQ1', 'start': 1, 'stop': 153, 'signature_ac': 'PS51192', 'score': '19.632', 'level': '0'}, {'sequence_ac': 'USERSEQ1', 'start': 1, 'stop': 340, 'signature_ac': 'PS51198', 'score': '7.070', 'level': '-1'}, {'sequence_ac': 'USERSEQ1', 'start': 141, 'stop': 341, 'signature_ac': 'PS51181', 'score': '4.627', 'level': '-1'}, {'sequence_ac': 'USERSEQ1', 'start': 193, 'stop': 364, 'signature_ac': 'PS51194', 'score': '15.847', 'level': '0'}]	noHomolog	noHomolog	307 -> ATP-dependent (RNA) helicase -> Uses ATP to remodel RNA for regulatory purposes. Not likely to be related to antibacterial resistance.
ABO11637	['gi|126387139|gb|ABO11637.1|', 'ATP-dependent helicase [Acinetobacter baumannii ATCC 17978] >gi|1001141181|emb|CVI10514.1| ATP-depen...', 'ABO11637', '3.12561e-151']	{'PF11898': {'accession': 'PF11898.7', 'class': 'Domain', 'id': 'DUF3418', 'locations': {'ali_end': '208', 'ali_start': '2', 'bitscore': '140.869674682617', 'end': '208', 'evalue': '4.8e-41', 'evidence': 'hmmer v3.0', 'hmm_end': '582', 'hmm_start': '368', 'significant': '1', 'start': '2'}, 'type': 'Pfam-A'}}	[{'sequence_ac': 'USERSEQ1', 'start': 61, 'stop': 96, 'signature_ac': 'PS51147', 'score': '4.982', 'level': '-1'}]	noHomolog	noHomolog	308 -> ATP-dependent (RNA) helicase -> Uses ATP to remodel RNA for regulatory purposes. Not likely to be related to antibacterial resistance.
ABO11645	['gi|447060144|ref|WP_001137400.1|', 'MULTISPECIES: benzoate 1,2-dioxygenase large subunit [Acinetobacter calcoaceticus/baumannii complex]...', 'WP_001137400', '0.0']	{'PF00355': {'accession': 'PF00355.25', 'class': 'Domain', 'id': 'Rieske', 'locations': {'ali_end': '135', 'ali_start': '52', 'bitscore': '78.7885360717773', 'end': '135', 'evalue': '1.1e-22', 'evidence': 'hmmer v3.0', 'hmm_end': '83', 'hmm_start': '1', 'significant': '1', 'start': '52'}, 'type': 'Pfam-A'}}	[{'sequence_ac': 'USERSEQ1', 'start': 1, 'stop': 69, 'signature_ac': 'PS51675', 'score': '7.193', 'level': '-1'}, {'sequence_ac': 'USERSEQ1', 'start': 54, 'stop': 151, 'signature_ac': 'PS51296', 'score': '27.664', 'level': '0'}, {'sequence_ac': 'USERSEQ1', 'start': 95, 'stop': 118, 'signature_ac': 'PS00570', 'level_tag': '(0)'}]	{'acb00362': 'Benzoate degradation', 'acb00364': 'Fluorobenzoate degradation', 'acb00622': 'Xylene degradation', 'acb01100': 'Metabolic pathways', 'acb01120': 'Microbial metabolism in diverse environments', 'acb01220': 'Degradation of aromatic compounds'}	['GO:oxidoreductase activity ; GO:0016491', 'GO:oxidation-reduction process ; GO:0055114', 'GO:2 iron, 2 sulfur cluster binding ; GO:0051537']	309 -> "benzoate 1 -> 2-dioxygenase large subunit","Enzyme that adds oxygen groups to a benzene ring, in order to degrade benzenes. Not likely to be related to antibacterial resistance."
ABO12003	['gi|475925904|gb|EMT95024.1|', 'hypothetical protein ABNIH6_12872 [Acinetobacter baumannii ABNIH6]', 'EMT95024', '0.0']	{'PF03956': {'accession': 'PF03956.12', 'class': 'Domain', 'id': 'Lys_export', 'locations': {'ali_end': '96', 'ali_start': '12', 'bitscore': '17.0365104675293', 'end': '96', 'evalue': '2.5e-54', 'evidence': 'hmmer v3.0', 'hmm_end': '85', 'hmm_start': '2', 'significant': None, 'start': '12'}, 'type': 'Pfam-A'}}	[{'sequence_ac': 'USERSEQ1', 'start': 1, 'stop': 7, 'signature_ac': 'PS51127', 'score': '4.210', 'level': '-1'}]	noHomolog	noHomolog	310 -> Hypothetical (transmembrane) Protein; Potential lysine exporter protein -> In the 'Lys_export' pfam family.
ABO12007	['gi|126387509|gb|ABO12007.1|', 'integrase [Acinetobacter baumannii ATCC 17978]', 'ABO12007', '2.31047e-102']	noHomolog	noHomolog	noHomolog	noHomolog	311 -> integrase -> "Enzyme responsible for removing nucleotides from the host DNA, and then ligating viral DNA into the host DNA. Not likely to be related to antibacterial resistance."
ABO12010	['gi|446928020|ref|WP_001005276.1|', 'hypothetical protein [Acinetobacter baumannii] >gi|126387512|gb|ABO12010.1| hypothetical protein A1S...', 'WP_001005276', '1.05239e-65']	noHomolog	noHomolog	noHomolog	noHomolog	312 -> Hypothetical Protein -> NaN
ABO12019	['gi|447062083|ref|WP_001139339.1|', 'head-tail adaptor protein [Acinetobacter baumannii] >gi|126387521|gb|ABO12019.1| putative Phage head...', 'WP_001139339', '1.04102e-81']	{'PF05521': {'accession': 'PF05521.10', 'class': 'Domain', 'id': 'Phage_H_T_join', 'locations': {'ali_end': '107', 'ali_start': '9', 'bitscore': '81.4833679199219', 'end': '107', 'evalue': '4.0e-23', 'evidence': 'hmmer v3.0', 'hmm_end': '94', 'hmm_start': '1', 'significant': '1', 'start': '9'}, 'type': 'Pfam-A'}}	noHomolog	noHomolog	noHomolog	313 -> head-tail adaptor protein -> Protein that links the signalling of the head and tail proteins in a bacteriophage. Not likely to be related to antibacterial resistance.
ABO12356	['gi|446025088|ref|WP_000102943.1|', 'MULTISPECIES: oxidoreductase [Acinetobacter calcoaceticus/baumannii complex] >gi|126387858|gb|ABO123...', 'WP_000102943', '5.24951e-143']	{'PF00881': {'accession': 'PF00881.23', 'class': 'Domain', 'id': 'Nitroreductase', 'locations': {'ali_end': '176', 'ali_start': '8', 'bitscore': '57.9038391113281', 'end': '176', 'evalue': '1.0e-15', 'evidence': 'hmmer v3.0', 'hmm_end': '169', 'hmm_start': '1', 'significant': '1', 'start': '8'}, 'type': 'Pfam-A'}}	[{'sequence_ac': 'USERSEQ1', 'start': 99, 'stop': 133, 'signature_ac': 'PS51147', 'score': '4.530', 'level': '-1'}]	noHomolog	noHomolog	314 -> oxidoreductase -> Enzyme that transfers an electron from one substrate to the other. Not likely to be related to antibacterial resistance.
ABO12359	['gi|446107716|ref|WP_000185571.1|', 'MULTISPECIES: hypothetical protein [Acinetobacter calcoaceticus/baumannii complex] >gi|126387861|gb|...', 'WP_000185571', '1.10604e-82']	noHomolog	[{'sequence_ac': 'USERSEQ1', 'start': 42, 'stop': 102, 'signature_ac': 'PS51224', 'score': '4.790', 'level': '-1'}]	noHomolog	noHomolog	315 -> Hypothetical Protein -> NaN
ABO12360	['gi|446538688|ref|WP_000616034.1|', 'MULTISPECIES: hypothetical protein [Acinetobacter calcoaceticus/baumannii complex] >gi|126387862|gb|...', 'WP_000616034', '1.16134e-49']	noHomolog	noHomolog	noHomolog	noHomolog	316 -> Hypothetical Protein -> NaN
ABO12364	['gi|446060975|ref|WP_000138830.1|', 'MULTISPECIES: monothiol glutaredoxin, Grx4 family [Acinetobacter calcoaceticus/baumannii complex] >g...', 'WP_000138830', '1.46247e-78']	{'PF00462': {'accession': 'PF00462.23', 'class': 'Domain', 'id': 'Glutaredoxin', 'locations': {'ali_end': '85', 'ali_start': '21', 'bitscore': '65.109619140625', 'end': '85', 'evalue': '3.3e-18', 'evidence': 'hmmer v3.0', 'hmm_end': '60', 'hmm_start': '1', 'significant': '1', 'start': '21'}, 'type': 'Pfam-A'}}	[{'sequence_ac': 'USERSEQ1', 'start': 1, 'stop': 4, 'signature_ac': 'PS51127', 'score': '4.169', 'level': '-1'}, {'sequence_ac': 'USERSEQ1', 'start': 9, 'stop': 111, 'signature_ac': 'PS51354', 'score': '26.365', 'level': '0'}]	noHomolog	['GO:cell redox homeostasis ; GO:0045454', 'GO:protein disulfide oxidoreductase activity ; GO:0015035', 'GO:electron carrier activity ; GO:0009055']	317 -> "monothiol glutaredoxin ->  Grx4 family","Reduces oxidized glutathione, a molecule that functions as an antioxidant, to allow it to continue its function. Not likely to be related to antibacterial resistance."
ABO12365	['gi|446043987|ref|WP_000121842.1|', 'hypothetical protein [Acinetobacter baumannii] >gi|126387867|gb|ABO12365.1| hypothetical protein A1S...', 'WP_000121842', '1.26319e-74']	noHomolog	noHomolog	noHomolog	noHomolog	318 -> Hypothetical Protein -> NaN
ABO12714	['gi|446975693|ref|WP_001052949.1|', 'hypothetical protein [Acinetobacter baumannii] >gi|126388216|gb|ABO12714.1| hypothetical protein A1S...', 'WP_001052949', '0.0']	{'PF13194': {'accession': 'PF13194.5', 'class': 'Domain', 'id': 'DUF4010', 'locations': {'ali_end': '131', 'ali_start': '115', 'bitscore': '-2.75251007080078', 'end': '131', 'evalue': '7.1e-28', 'evidence': 'hmmer v3.0', 'hmm_end': '141', 'hmm_start': '125', 'significant': None, 'start': '115'}, 'type': 'Pfam-A'}}	[{'sequence_ac': 'USERSEQ1', 'start': 1, 'stop': 27, 'signature_ac': 'PS51257', 'score': '4.000', 'level': '-1'}, {'sequence_ac': 'USERSEQ1', 'start': 417, 'stop': 422, 'signature_ac': 'PS51120', 'score': '4.471', 'level': '-1'}]	noHomolog	noHomolog	319 -> Hypothetical Protein -> In the DUF4010 pfam family
ABO12719	['gi|446768609|ref|WP_000845865.1|', 'U32 family peptidase [Acinetobacter baumannii] >gi|480126005|gb|ENW63607.1| hypothetical protein F91...', 'WP_000845865', '0.0']	{'PF01136': {'accession': 'PF01136.18', 'class': 'Domain', 'id': 'Peptidase_U32', 'locations': {'ali_end': '326', 'ali_start': '61', 'bitscore': '320.973358154297', 'end': '326', 'evalue': '1.8e-96', 'evidence': 'hmmer v3.0', 'hmm_end': '230', 'hmm_start': '2', 'significant': '1', 'start': '61'}, 'type': 'Pfam-A'}}	[{'sequence_ac': 'USERSEQ1', 'start': 147, 'stop': 165, 'signature_ac': 'PS01276', 'level_tag': '(0)'}]	noHomolog	['GO:proteolysis ; GO:0006508', 'GO:peptidase activity ; GO:0008233']	320 -> U32 family peptidase -> "Degrades Type I Collagen, which is present in tendons and ligaments. Not likely to be related to antibacterial resistance."
ABO13035	['gi|126388537|gb|ABO13035.1|', 'Putative RND family drug transporter [Acinetobacter baumannii ATCC 17978]', 'ABO13035', '9.38566e-117']	noHomolog	noHomolog	noHomolog	noHomolog	321 -> RND family drug transporter -> Catalyzes the removal of harmful substances and maintains the balance of the cell by exporting substances from the cell. 
ABO13036	['gi|126388538|gb|ABO13036.1|', 'Putative RND family drug transporter [Acinetobacter baumannii ATCC 17978]', 'ABO13036', '1.45289e-179']	{'PF02321': {'accession': 'PF02321.17', 'class': 'Domain', 'id': 'OEP', 'locations': {'ali_end': '32', 'ali_start': '1', 'bitscore': '8.86465930938721', 'end': '32', 'evalue': '2.5e-20', 'evidence': 'hmmer v3.0', 'hmm_end': '187', 'hmm_start': '156', 'significant': None, 'start': '1'}, 'type': 'Pfam-A'}}	[{'sequence_ac': 'USERSEQ1', 'start': 121, 'stop': 142, 'signature_ac': 'PS50222', 'score': '5.141', 'level': '-1'}]	noHomolog	['GO:transport ; GO:0006810', 'GO:transporter activity ; GO:0005215']	322 -> RND family drug transporter -> Catalyzes the removal of harmful substances and maintains the balance of the cell by exporting substances from the cell. 
ABO13041	['gi|126388543|gb|ABO13041.1|', 'putative CPS-53 prophage bactoprenol glucosyl transferase [Acinetobacter baumannii ATCC 17978]', 'ABO13041', '1.05337e-159']	noHomolog	noHomolog	noHomolog	noHomolog	323 -> glycosyl transferase; CPS-53 prophage bactoprenol glucosyl transferase -> Transfers a glycosyl group from a donor to another compound. Not likely to be related to antibacterial resistance.
ABO13360	['gi|447158730|ref|WP_001235986.1|', 'MBL fold metallo-hydrolase [Acinetobacter baumannii] >gi|126388862|gb|ABO13360.1| putative signal pe...', 'WP_001235986', '0.0']	{'PF00753': {'accession': 'PF00753.26', 'class': 'Domain', 'id': 'Lactamase_B', 'locations': {'ali_end': '121', 'ali_start': '41', 'bitscore': '19.8416233062744', 'end': '121', 'evalue': '8.0e-06', 'evidence': 'hmmer v3.0', 'hmm_end': '87', 'hmm_start': '5', 'significant': None, 'start': '41'}, 'type': 'Pfam-A'}}	noHomolog	noHomolog	noHomolog	324 -> MBL fold metallo-hydrolase -> Metallo-beta-lactamase protein that catalyzes the hydrolysis of a variety of Î²-lactam antibiotics. Could be responsible for antibacterial resistance
ABO13367	['gi|126388869|gb|ABO13367.1|', 'phosphoribosylaminoimidazole carboxylase mutase subunit [Acinetobacter baumannii ATCC 17978] >gi|668...', 'ABO13367', '6.29866e-108']	{'PF00731': {'accession': 'PF00731.19', 'class': 'Domain', 'id': 'AIRC', 'locations': {'ali_end': '144', 'ali_start': '1', 'bitscore': '201.9384765625', 'end': '144', 'evalue': '2.8e-60', 'evidence': 'hmmer v3.0', 'hmm_end': '147', 'hmm_start': '6', 'significant': '1', 'start': '1'}, 'type': 'Pfam-A'}}	noHomolog	{'acb00230': 'Purine metabolism', 'acb01100': 'Metabolic pathways', 'acb01110': 'Biosynthesis of secondary metabolites', 'acb01130': 'Biosynthesis of antibiotics'}	["GO:'de novo' IMP biosynthetic process ; GO:0006189"]	325 -> AIR carboxylase -> "Catalyse the decarboxylation of 1-(5-phosphoribosyl)-5-amino-4-imidazole-carboxylate (AIR), which is the sixth step of de novo purine synthesis. Not likely to be related to antibacterial resistance."
ABO13370	['gi|126388872|gb|ABO13370.1|', 'hypothetical protein A1S_2967 [Acinetobacter baumannii ATCC 17978]', 'ABO13370', '1.00314e-148']	{'PF06772': {'accession': 'PF06772.10', 'class': 'Domain', 'id': 'LtrA', 'locations': {'ali_end': '197', 'ali_start': '27', 'bitscore': '167.832061767578', 'end': '197', 'evalue': '2.9e-49', 'evidence': 'hmmer v3.0', 'hmm_end': '171', 'hmm_start': '2', 'significant': '1', 'start': '27'}, 'type': 'Pfam-A'}}	noHomolog	noHomolog	noHomolog	326 -> bacterial low temperature requirement A family protein -> Proteins that assist with growth at low temperatures. Not likely to be related to antibacterial resistance.
ABO13371	['gi|445973479|ref|WP_000051334.1|', 'undecaprenyl-diphosphatase [Acinetobacter baumannii] >gi|126388873|gb|ABO13371.1| putative membrane ...', 'WP_000051334', '2.85502e-140']	noHomolog	noHomolog	{'acb00550': 'Peptidoglycan biosynthesis'}	noHomolog	327 -> undecaprenyl-diphosphatase -> Removes a phosphate group from undecaprenyl-diphosphate in the Peptidoglycan biosynthesis pathway. Not likely to be related to antibacterial resistance.
ABO13375	['gi|126388877|gb|ABO13375.1|', 'guanine deaminase [Acinetobacter baumannii ATCC 17978]', 'ABO13375', '5.12467e-173']	noHomolog	noHomolog	{'acb00230': 'Purine metabolism', 'acb01100': 'Metabolic pathways'}	noHomolog	328 -> guanine deaminase -> Converts guanine to xanthine in the purine metabolism pathway. Not likely to be related to antibacterial resistance.
ABO13376	['gi|498276285|ref|WP_010590441.1|', 'guanine deaminase [Acinetobacter baumannii] >gi|126388878|gb|ABO13376.1| guanine deaminase [Acinetob...', 'WP_010590441', '5.54761e-83']	noHomolog	noHomolog	{'acb00230': 'Purine metabolism', 'acb01100': 'Metabolic pathways'}	noHomolog	329 -> guanine deaminase; amidohydrolase family protein -> Converts guanine to xanthine in the purine metabolism pathway. Not likely to be related to antibacterial resistance.
ABO13380	['gi|1122346671|ref|WP_074031664.1|', 'cation transporter [Acinetobacter baumannii] >gi|1120780865|gb|APP30626.1| cation transporter [Acine...', 'WP_074031664', '0.0']	{'PF01545': {'accession': 'PF01545.20', 'class': 'Domain', 'id': 'Cation_efflux', 'locations': {'ali_end': '241', 'ali_start': '26', 'bitscore': '128.198806762695', 'end': '241', 'evalue': '1.9e-37', 'evidence': 'hmmer v3.0', 'hmm_end': '199', 'hmm_start': '2', 'significant': '1', 'start': '26'}, 'type': 'Pfam-A'}}	[{'sequence_ac': 'USERSEQ1', 'start': 153, 'stop': 178, 'signature_ac': 'PS51298', 'score': '9.123', 'level': '-2'}]	noHomolog	['GO:cation transport ; GO:0006812', 'GO:transmembrane transport ; GO:0055085', 'GO:integral component of membrane ; GO:0016021', 'GO:cation transmembrane transporter activity ; GO:0008324']	330 -> Cation Transporter -> "Membrane protein that removes divalent metals such as cadmium, zinc, and cobalt from the cell. Not likely to be related to antibacterial resistance."
ABO13729	['gi|446133450|ref|WP_000211305.1|', 'MULTISPECIES: orotate phosphoribosyltransferase [Acinetobacter calcoaceticus/baumannii complex] >gi|...', 'WP_000211305', '1.28904e-156']	{'PF00156': {'accession': 'PF00156.26', 'class': 'Domain', 'id': 'Pribosyltran', 'locations': {'ali_end': '163', 'ali_start': '47', 'bitscore': '57.171085357666', 'end': '163', 'evalue': '1.1e-15', 'evidence': 'hmmer v3.0', 'hmm_end': '129', 'hmm_start': '8', 'significant': '1', 'start': '47'}, 'type': 'Pfam-A'}}	[{'sequence_ac': 'USERSEQ1', 'start': 1, 'stop': 8, 'signature_ac': 'PS51127', 'score': '4.437', 'level': '-1'}, {'sequence_ac': 'USERSEQ1', 'start': 136, 'stop': 202, 'signature_ac': 'PS51371', 'score': '6.288', 'level': '-1'}]	{'acb00240': 'Pyrimidine metabolism', 'acb01100': 'Metabolic pathways'}	['GO:nucleoside metabolic process ; GO:0009116']	331 -> orotate phosphoribosyltransferase -> Catalyzes the formation of orotidine 5'-monophosphate (OMP) from orotate and phosphoribosyl pyrophosphate in pyrimidine de novo synthesis. Not likely to be related to antibacterial resistance.
ABO13731	['gi|446835910|ref|WP_000913166.1|', 'arsenate reductase [Acinetobacter baumannii] >gi|126389233|gb|ABO13731.1| putative arsenate reductas...', 'WP_000913166', '7.40583e-80']	{'PF03960': {'accession': 'PF03960.14', 'class': 'Domain', 'id': 'ArsC', 'locations': {'ali_end': '112', 'ali_start': '5', 'bitscore': '57.5835075378418', 'end': '112', 'evalue': '7.7e-16', 'evidence': 'hmmer v3.0', 'hmm_end': '62', 'hmm_start': '1', 'significant': '1', 'start': '5'}, 'type': 'Pfam-A'}}	[{'sequence_ac': 'USERSEQ1', 'start': 1, 'stop': 116, 'signature_ac': 'PS51353', 'score': '20.937', 'level': '0'}]	noHomolog	noHomolog	332 -> arsenate reductase -> A oxidoreductase that utilizes arsenate to glutaredoxin into glutaredoxin disulfide. A part of the ars operon in bacteria. Not likely to be related to antibacterial resistance.
ABO13735	['gi|497203649|ref|WP_009517911.1|', 'disulfide bond corrector protein DsbC [Acinetobacter baumannii] >gi|425491703|gb|EKU57983.1| disulfi...', 'WP_009517911', '0.0']	noHomolog	[{'sequence_ac': 'USERSEQ1', 'start': 140, 'stop': 285, 'signature_ac': 'PS51352', 'score': '9.047', 'level': '0'}, {'sequence_ac': 'USERSEQ1', 'start': 192, 'stop': 210, 'signature_ac': 'PS00194', 'level_tag': '(0)'}]	noHomolog	noHomolog	333 -> thiol:disulfide interchange protein DsbD -> "Transfers electrons from cytoplasmic thioredoxin to the periplasm to form disulfide bonds in some periplasmic membrane proteins, allowing their active sites to remain in a reduced state. Not likely to be related to antibacterial resistance."
ABO13736	['gi|126389238|gb|ABO13736.1|', 'thiol:disulfide interchange protein precursor [Acinetobacter baumannii ATCC 17978]', 'ABO13736', '2.97688e-161']	{'PF11412': {'accession': 'PF11412.7', 'class': 'Domain', 'id': 'DsbC', 'locations': {'ali_end': '116', 'ali_start': '9', 'bitscore': '97.2301712036133', 'end': '116', 'evalue': '4.4e-28', 'evidence': 'hmmer v3.0', 'hmm_end': '118', 'hmm_start': '2', 'significant': '1', 'start': '9'}, 'type': 'Pfam-A'}}	[{'sequence_ac': 'USERSEQ1', 'start': 39, 'stop': 56, 'signature_ac': 'PS50821', 'score': '6.570', 'level': '-1'}]	noHomolog	noHomolog	334 -> Disulphide bond corrector protein DsbC -> Rearranges incorrect disulfide bonds during oxidative protein folding. Located in the periplasm and activated by DsbD. Not likely to be related to antibacterial resistance.
ABO13741	['gi|446399814|ref|WP_000477669.1|', 'MULTISPECIES: 2-oxo-4-hydroxy-4-carboxy-5-ureidoimidazoline decarboxylase [Acinetobacter calcoacetic...', 'WP_000477669', '6.24334e-117']	noHomolog	noHomolog	{'acb00230': 'Purine metabolism', 'acb01100': 'Metabolic pathways', 'acb01120': 'Microbial metabolism in diverse environments'}	noHomolog	335 -> OHCU decarboxylase -> Catalyzes the decarboxylation of OHCU into S(+)-allantoin in purine catabolism. Not likely to be related to antibacterial resistance.
ABO13750	['gi|447062374|ref|WP_001139630.1|', 'hypothetical protein [Acinetobacter baumannii] >gi|126389252|gb|ABO13750.1| hypothetical protein A1S...', 'WP_001139630', '0.0']	noHomolog	[{'sequence_ac': 'USERSEQ1', 'start': 227, 'stop': 236, 'signature_ac': 'PS00120'}]	noHomolog	noHomolog	336 -> Hypothetical Protein; PGAP1-like protein -> NaN
ABO11309	['gi|446882003|ref|WP_000959259.1|', 'MULTISPECIES: threonine export protein RhtC [Acinetobacter calcoaceticus/baumannii complex] >gi|1263...', 'WP_000959259', '9.22001e-147']	{'PF01810': {'accession': 'PF01810.17', 'class': 'Domain', 'id': 'LysE', 'locations': {'ali_end': '203', 'ali_start': '15', 'bitscore': '163.755767822266', 'end': '203', 'evalue': '2.6e-48', 'evidence': 'hmmer v3.0', 'hmm_end': '190', 'hmm_start': '3', 'significant': '1', 'start': '15'}, 'type': 'Pfam-A'}}	noHomolog	noHomolog	['GO:membrane ; GO:0016020', 'GO:amino acid transport ; GO:0006865']	337 -> threonine export protein RhtC; lysE type translocator family protein -> Effluxes threonine from the cell or exports lysine from the cell. Not likely to be related to antibacterial resistance.
ABO11310	['gi|447141304|ref|WP_001218560.1|', 'MULTISPECIES: hypothetical protein [Acinetobacter calcoaceticus/baumannii complex] >gi|126386812|gb|...', 'WP_001218560', '9.88813e-65']	noHomolog	noHomolog	noHomolog	noHomolog	338 -> Hypothetical Protein -> NaN
ABO11311	['gi|446819678|ref|WP_000896934.1|', 'MULTISPECIES: cell division topological specificity factor [Acinetobacter] >gi|375133761|ref|YP_0049...', 'WP_000896934', '1.24196e-58']	{'PF03776': {'accession': 'PF03776.13', 'class': 'Domain', 'id': 'MinE', 'locations': {'ali_end': '87', 'ali_start': '17', 'bitscore': '68.02587890625', 'end': '87', 'evalue': '4.1e-19', 'evidence': 'hmmer v3.0', 'hmm_end': '68', 'hmm_start': '1', 'significant': '1', 'start': '17'}, 'type': 'Pfam-A'}}	noHomolog	noHomolog	['GO:regulation of barrier septum assembly ; GO:0032955', 'GO:cell division ; GO:0051301']	339 -> cell division topological specificity factor -> The minE gene codes for a topological specificity factor that prevents the division inhibitor from acting at internal division sites while permitting it to block septation at polar sites. Not likely to be related to antibacterial resistance.
ABO11316	['gi|347592614|gb|AEP05335.1|', 'putative outer membrane protein [Acinetobacter baumannii MDR-ZJ06] >gi|546203308|dbj|BAN88551.1| put...', 'AEP05335', '1.73766e-153']	{'PF00691': {'accession': 'PF00691.19', 'class': 'Domain', 'id': 'OmpA', 'locations': {'ali_end': '71', 'ali_start': '40', 'bitscore': '0.497333228588104', 'end': '71', 'evalue': '8.3e-26', 'evidence': 'hmmer v3.0', 'hmm_end': '63', 'hmm_start': '34', 'significant': None, 'start': '40'}, 'type': 'Pfam-A'}}	[{'sequence_ac': 'USERSEQ1', 'start': 1, 'stop': 19, 'signature_ac': 'PS51257', 'score': '5.000', 'level': '0'}, {'sequence_ac': 'USERSEQ1', 'start': 100, 'stop': 217, 'signature_ac': 'PS51123', 'score': '54.422', 'level': '0'}, {'sequence_ac': 'USERSEQ1', 'start': 145, 'stop': 189, 'signature_ac': 'PS01068', 'level_tag': '(0)'}]	noHomolog	noHomolog	340 -> OmpA family lipoprotein -> Outer membrane protein that transports lipids. Not likely to be related to antibacterial resistance.
ABO11322	['gi|446258699|ref|WP_000336554.1|', 'class II glutamine amidotransferase [Acinetobacter baumannii] >gi|126386824|gb|ABO11322.1| putative ...', 'WP_000336554', '0.0']	{'PF13230': {'accession': 'PF13230.5', 'class': 'Domain', 'id': 'GATase_4', 'locations': {'ali_end': '266', 'ali_start': '1', 'bitscore': '402.672576904297', 'end': '266', 'evalue': '4.3e-121', 'evidence': 'hmmer v3.0', 'hmm_end': '266', 'hmm_start': '1', 'significant': '1', 'start': '1'}, 'type': 'Pfam-A'}}	[{'sequence_ac': 'USERSEQ1', 'start': 2, 'stop': 282, 'signature_ac': 'PS51278', 'score': '17.100', 'level': '0'}]	noHomolog	noHomolog	341 -> class II glutamine amidotransferase -> "Catalyzes the transfer of the amine group of glutamine onto another molecule, often to form an amino acid. Not likely to be related to antibacterial resistance."
ABO11323	['gi|446705630|ref|WP_000782976.1|', 'MULTISPECIES: hemerythrin [Acinetobacter calcoaceticus/baumannii complex] >gi|126386825|gb|ABO11323....', 'WP_000782976', '1.63366e-105']	{'PF01814': {'accession': 'PF01814.22', 'class': 'Domain', 'id': 'Hemerythrin', 'locations': {'ali_end': '124', 'ali_start': '12', 'bitscore': '35.6477279663086', 'end': '124', 'evalue': '7.9e-09', 'evidence': 'hmmer v3.0', 'hmm_end': '129', 'hmm_start': '2', 'significant': '1', 'start': '12'}, 'type': 'Pfam-A'}}	[{'sequence_ac': 'USERSEQ1', 'start': 91, 'stop': 151, 'signature_ac': 'PS51253', 'score': '7.367', 'level': '-1'}]	noHomolog	noHomolog	342 -> hemerythrin -> Oligometric protein responsible for oxygen transport. Not likely to be related to antibacterial resistance.
ABO11324	['gi|126386826|gb|ABO11324.1|', 'putative membrane protein [Acinetobacter baumannii ATCC 17978]', 'ABO11324', '0.0']	noHomolog	noHomolog	noHomolog	noHomolog	343 -> putative membrane protein -> NaN
ABO11329	['gi|347592627|gb|AEP05348.1|', 'Tfp pilus assembly protein, pilus retraction ATPase PilT [Acinetobacter baumannii MDR-ZJ06] >gi|5462...', 'AEP05348', '0.0']	{'PF00437': {'accession': 'PF00437.19', 'class': 'Domain', 'id': 'T2SSE', 'locations': {'ali_end': '269', 'ali_start': '12', 'bitscore': '159.890853881836', 'end': '269', 'evalue': '7.9e-49', 'evidence': 'hmmer v3.0', 'hmm_end': '270', 'hmm_start': '11', 'significant': '1', 'start': '12'}, 'type': 'Pfam-A'}}	[{'sequence_ac': 'USERSEQ1', 'start': 124, 'stop': 143, 'signature_ac': 'PS50837', 'score': '7.269', 'level': '-1'}, {'sequence_ac': 'USERSEQ1', 'start': 193, 'stop': 207, 'signature_ac': 'PS00662', 'level_tag': '(0)'}]	noHomolog	['GO:ATP binding ; GO:0005524', 'GO:transport ; GO:0006810']	344 -> twitching motility protein PilT -> Required for twitching motility and social gliding behaviors in type IV pili. Not likely to be related to antibacterial resistance.
ABO11651	['gi|446920939|ref|WP_000998195.1|', 'exodeoxyribonuclease VII [Acinetobacter baumannii] >gi|126387153|gb|ABO11651.1| hypothetical protein...', 'WP_000998195', '9.83256e-39']	{'PF02609': {'accession': 'PF02609.15', 'class': 'Domain', 'id': 'Exonuc_VII_S', 'locations': {'ali_end': '59', 'ali_start': '15', 'bitscore': '23.4909477233887', 'end': '59', 'evalue': '2.1e-05', 'evidence': 'hmmer v3.0', 'hmm_end': '51', 'hmm_start': '8', 'significant': '1', 'start': '15'}, 'type': 'Pfam-A'}}	noHomolog	{'acb03430': 'Mismatch repair'}	['GO:exodeoxyribonuclease VII complex ; GO:0009318', 'GO:DNA catabolic process ; GO:0006308', 'GO:exodeoxyribonuclease VII activity ; GO:0008855']	345 -> exodeoxyribonuclease VII -> Exonuclease involved in mismatch repair of DNA by removing nucleotides at the edges of DNA. Not likely to be related to antibacterial resistance.
ABO11655	['gi|446942431|ref|WP_001019687.1|', 'hypothetical protein [Acinetobacter baumannii] >gi|126387157|gb|ABO11655.1| hypothetical protein A1S...', 'WP_001019687', '1.18579e-131']	{'PF05838': {'accession': 'PF05838.11', 'class': 'Domain', 'id': 'Glyco_hydro_108', 'locations': {'ali_end': '90', 'ali_start': '8', 'bitscore': '82.9252090454102', 'end': '90', 'evalue': '1.1e-23', 'evidence': 'hmmer v3.0', 'hmm_end': '85', 'hmm_start': '2', 'significant': '1', 'start': '8'}, 'type': 'Pfam-A'}}	noHomolog	noHomolog	noHomolog	346 -> putative glycosyl hydrolase 108 -> "Likely a protein that hydrolyses the glycosidic bond between two or more carbohydrates, or between a carbohydrate and a non-carbohydrate moiety. Not likely to be related to antibacterial resistance."
ABO11657	['gi|445994818|ref|WP_000072673.1|', 'MULTISPECIES: cold-shock protein [Acinetobacter calcoaceticus/baumannii complex] >gi|126387159|gb|AB...', 'WP_000072673', '3.10344e-43']	{'PF00313': {'accession': 'PF00313.21', 'class': 'Domain', 'id': 'CSD', 'locations': {'ali_end': '66', 'ali_start': '5', 'bitscore': '96.5301666259766', 'end': '66', 'evalue': '4.9e-28', 'evidence': 'hmmer v3.0', 'hmm_end': '64', 'hmm_start': '2', 'significant': '1', 'start': '5'}, 'type': 'Pfam-A'}}	[{'sequence_ac': 'USERSEQ1', 'start': 1, 'stop': 11, 'signature_ac': 'PS51127', 'score': '4.479', 'level': '-1'}, {'sequence_ac': 'USERSEQ1', 'start': 1, 'stop': 22, 'signature_ac': 'PS50207', 'score': '6.830', 'level': '-1'}, {'sequence_ac': 'USERSEQ1', 'start': 17, 'stop': 35, 'signature_ac': 'PS00352', 'level_tag': '(0)'}]	noHomolog	['GO:regulation of transcription, DNA-templated ; GO:0006355', 'GO:DNA binding ; GO:0003677']	347 -> cold-shock protein -> Protein that helps the cell survive in low temperatures. Not likely to be related to antibacterial resistance.
ABO11659	['gi|126387161|gb|ABO11659.1|', 'phage putative head morphogenesis protein [Acinetobacter baumannii ATCC 17978]', 'ABO11659', '0.0']	{'PF04233': {'accession': 'PF04233.13', 'class': 'Domain', 'id': 'Phage_Mu_F', 'locations': {'ali_end': '225', 'ali_start': '114', 'bitscore': '42.8698425292969', 'end': '225', 'evalue': '3.6e-11', 'evidence': 'hmmer v3.0', 'hmm_end': '110', 'hmm_start': '2', 'significant': '1', 'start': '114'}, 'type': 'Pfam-A'}}	[{'sequence_ac': 'USERSEQ1', 'start': 1, 'stop': 90, 'signature_ac': 'PS51263', 'score': '8.168', 'level': '-1'}]	noHomolog	noHomolog	348 -> phage putative head morphogenesis protein -> Responsible for the creation of the head component in phages. Not likely to be related to antibacterial resistance.
ABO12030	['gi|446447815|ref|WP_000525670.1|', 'biopolymer transporter ExbD [Acinetobacter baumannii] >gi|126387532|gb|ABO12030.1| Biopolymer transp...', 'WP_000525670', '1.33606e-92']	{'PF02472': {'accession': 'PF02472.15', 'class': 'Domain', 'id': 'ExbD', 'locations': {'ali_end': '135', 'ali_start': '15', 'bitscore': '82.0985946655273', 'end': '135', 'evalue': '3.2e-23', 'evidence': 'hmmer v3.0', 'hmm_end': '127', 'hmm_start': '6', 'significant': '1', 'start': '15'}, 'type': 'Pfam-A'}}	noHomolog	noHomolog	['GO:transport ; GO:0006810', 'GO:transporter activity ; GO:0005215', 'GO:membrane ; GO:0016020']	349 -> biopolymer transporter ExbD -> Membrane bound transport proteins essential for ferric ion uptake in bacteria. Not likely to be related to antibacterial resistance.
ABO12033	['gi|126387535|gb|ABO12033.1|', 'hypothetical protein A1S_1606 [Acinetobacter baumannii ATCC 17978]', 'ABO12033', '6.43405e-119']	{'PF00593': {'accession': 'PF00593.23', 'class': 'Domain', 'id': 'TonB_dep_Rec', 'locations': {'ali_end': '164', 'ali_start': '1', 'bitscore': '49.3724822998047', 'end': '164', 'evalue': '5.4e-13', 'evidence': 'hmmer v3.0', 'hmm_end': '470', 'hmm_start': '318', 'significant': '1', 'start': '1'}, 'type': 'Pfam-A'}}	noHomolog	noHomolog	['GO:receptor activity ; GO:0004872', 'GO:transport ; GO:0006810', 'GO:membrane ; GO:0016020']	350 -> TonB-dependent receptors -> Outer membrane receptors responsible for the transport of iron siderophore complexes and vitamin B12. Not likely to be related to antibacterial resistance.
ABO11628	['gi|126387536|gb|ABO12034.1|', 'TonB-dependent receptor [Acinetobacter baumannii ATCC 17978]', 'ABO12034', '0.0']	{'PF00593': {'accession': 'PF00593.23', 'class': 'Domain', 'id': 'TonB_dep_Rec', 'locations': {'ali_end': '308', 'ali_start': '278', 'bitscore': '-1.35244262218475', 'end': '308', 'evalue': '8.3e-23', 'evidence': 'hmmer v3.0', 'hmm_end': '185', 'hmm_start': '155', 'significant': None, 'start': '278'}, 'type': 'Pfam-A'}}	noHomolog	noHomolog	['GO:receptor activity ; GO:0004872', 'GO:transport ; GO:0006810', 'GO:membrane ; GO:0016020']	351 -> TonB-dependent receptors -> Outer membrane receptors responsible for the transport of iron siderophore complexes and vitamin B12. Not likely to be related to antibacterial resistance.
ABO11629	['gi|446085572|ref|WP_000163427.1|', 'MULTISPECIES: MarR family transcriptional regulator [Acinetobacter calcoaceticus/baumannii complex] ...', 'WP_000163427', '6.55828e-110']	{'PF12802': {'accession': 'PF12802.6', 'class': 'Domain', 'id': 'MarR_2', 'locations': {'ali_end': '36', 'ali_start': '27', 'bitscore': '-3.14441657066345', 'end': '36', 'evalue': '2.4e-06', 'evidence': 'hmmer v3.0', 'hmm_end': '41', 'hmm_start': '32', 'significant': None, 'start': '27'}, 'type': 'Pfam-A'}}	[{'sequence_ac': 'USERSEQ1', 'start': 1, 'stop': 150, 'signature_ac': 'PS50995', 'score': '23.673', 'level': '0'}]	noHomolog	noHomolog	352 -> MarR family transcriptional regulator -> Regulates the transcription of genes responsible for multiple antibiotic resistance.
ABO11630	['gi|447022692|ref|WP_001099948.1|', 'MULTISPECIES: transcriptional regulator [Acinetobacter calcoaceticus/baumannii complex] >gi|12638788...', 'WP_001099948', '5.58794e-101']	{'PF13412': {'accession': 'PF13412.5', 'class': 'Domain', 'id': 'HTH_24', 'locations': {'ali_end': '50', 'ali_start': '4', 'bitscore': '66.2527008056641', 'end': '50', 'evalue': '7.1e-19', 'evidence': 'hmmer v3.0', 'hmm_end': '48', 'hmm_start': '2', 'significant': '1', 'start': '4'}, 'type': 'Pfam-A'}}	[{'sequence_ac': 'USERSEQ1', 'start': 1, 'stop': 63, 'signature_ac': 'PS51077', 'score': '7.702', 'level': '-1'}, {'sequence_ac': 'USERSEQ1', 'start': 1, 'stop': 116, 'signature_ac': 'PS50995', 'score': '9.353', 'level': '-1'}, {'sequence_ac': 'USERSEQ1', 'start': 3, 'stop': 58, 'signature_ac': 'PS51000', 'score': '6.939', 'level': '-1'}, {'sequence_ac': 'USERSEQ1', 'start': 3, 'stop': 64, 'signature_ac': 'PS50956', 'score': '39.976', 'level': '0'}, {'sequence_ac': 'USERSEQ1', 'start': 21, 'stop': 47, 'signature_ac': 'PS00519', 'level_tag': '(0)'}]	noHomolog	noHomolog	353 -> Lrp/AsnC family transcriptional regulator -> Regulates transcriptions for potentially the Lrp and AsnC protein families. Not likely to be related to antibacterial resistance.
ABO11631	['gi|446398901|ref|WP_000476756.1|', 'MULTISPECIES: hypothetical protein [Acinetobacter calcoaceticus/baumannii complex] >gi|126387892|gb|...', 'WP_000476756', '2.93098e-109']	{'PF02631': {'accession': 'PF02631.15', 'class': 'Domain', 'id': 'RecX', 'locations': {'ali_end': '157', 'ali_start': '45', 'bitscore': '100.389610290527', 'end': '157', 'evalue': '8.5e-29', 'evidence': 'hmmer v3.0', 'hmm_end': '118', 'hmm_start': '4', 'significant': '1', 'start': '45'}, 'type': 'Pfam-A'}}	[{'sequence_ac': 'USERSEQ1', 'start': 31, 'stop': 66, 'signature_ac': 'PS51375', 'score': '5.525', 'level': '-1'}]	noHomolog	['GO:regulation of DNA repair ; GO:0006282']	354 -> regulatory protein RecX -> "Protein that regulates the protein recA, which is functions in DNA repair systems. Not likely to be related to antibacterial resistance."
ABO11632	['gi|447038484|ref|WP_001115740.1|', 'MULTISPECIES: hypothetical protein [Acinetobacter calcoaceticus/baumannii complex] >gi|126388238|gb|...', 'WP_001115740', '3.90463e-156']	noHomolog	noHomolog	noHomolog	noHomolog	355 -> EsvE2 protein -> NaN
ABO11634	['gi|446047523|ref|WP_000125378.1|', 'MULTISPECIES: elongation factor Ts [Acinetobacter calcoaceticus/baumannii complex] >gi|166221178|sp|...', 'WP_000125378', '0.0']	{'PF00889': {'accession': 'PF00889.18', 'class': 'Domain', 'id': 'EF_TS', 'locations': {'ali_end': '269', 'ali_start': '71', 'bitscore': '207.975051879883', 'end': '269', 'evalue': '8.2e-62', 'evidence': 'hmmer v3.0', 'hmm_end': '208', 'hmm_start': '1', 'significant': '1', 'start': '71'}, 'type': 'Pfam-A'}}	[{'sequence_ac': 'USERSEQ1', 'start': 12, 'stop': 27, 'signature_ac': 'PS01126', 'level_tag': '(0)'}, {'sequence_ac': 'USERSEQ1', 'start': 75, 'stop': 85, 'signature_ac': 'PS01127', 'level_tag': '(0)'}]	noHomolog	['GO:intracellular ; GO:0005622', 'GO:translation elongation factor activity ; GO:0003746', 'GO:translational elongation ; GO:0006414']	356 -> elongation factor Ts -> Assists EF-Tu in bringing the proper tRNAs to the A site of ribosomes in hte process of translation. Not likely to be related to antibacterial resistance.
ABO11636	['gi|595258502|gb|EXW78453.1|', 'ribosomal protein S2 [Acinetobacter baumannii 44467_3]', 'EXW78453', '1.12105e-70']	{'PF00318': {'accession': 'PF00318.19', 'class': 'Domain', 'id': 'Ribosomal_S2', 'locations': {'ali_end': '84', 'ali_start': '2', 'bitscore': '118.057929992676', 'end': '84', 'evalue': '2.6e-34', 'evidence': 'hmmer v3.0', 'hmm_end': '215', 'hmm_start': '133', 'significant': '1', 'start': '2'}, 'type': 'Pfam-A'}}	[{'sequence_ac': 'USERSEQ1', 'start': 18, 'stop': 42, 'signature_ac': 'PS00963', 'level_tag': '(0)'}]	{'acb03010': 'Ribosome'}	['GO:ribosome ; GO:0005840', 'GO:intracellular ; GO:0005622', 'GO:translation ; GO:0006412', 'GO:structural constituent of ribosome ; GO:0003735']	357 -> Ribosomal protein S2 -> Ribosomal protein involved in the formation of the translation initiation complex. Not likely to be related to antibacterial resistance.
ABO11637	['gi|446292583|ref|WP_000370438.1|', 'hypothetical protein [Acinetobacter baumannii] >gi|126388559|gb|ABO13057.1| putative oxidoreductase ...', 'WP_000370438', '0.0']	{'PF00384': {'accession': 'PF00384.21', 'class': 'Domain', 'id': 'Molybdopterin', 'locations': {'ali_end': '503', 'ali_start': '122', 'bitscore': '88.1106643676758', 'end': '503', 'evalue': '4.9e-26', 'evidence': 'hmmer v3.0', 'hmm_end': '372', 'hmm_start': '1', 'significant': '1', 'start': '122'}, 'type': 'Pfam-A'}}	noHomolog	noHomolog	['GO:oxidoreductase activity ; GO:0016491', 'GO:oxidation-reduction process ; GO:0055114']	358 -> oxidoreductase alpha (molybdopterin) subunit -> An oxidoreductase that binds Molybdopterin as a cofactor. Not likely to be related to antibacterial resistance.
ABO11645	['gi|690993584|ref|WP_031963234.1|', 'TetR family transcriptional regulator [Acinetobacter baumannii] >gi|587767355|gb|EXA61659.1| bacteri...', 'WP_031963234', '2.07621e-127']	{'PF00440': {'accession': 'PF00440.22', 'class': 'Domain', 'id': 'TetR_N', 'locations': {'ali_end': '38', 'ali_start': '3', 'bitscore': '37.4555473327637', 'end': '38', 'evalue': '8.9e-10', 'evidence': 'hmmer v3.0', 'hmm_end': '47', 'hmm_start': '12', 'significant': '1', 'start': '3'}, 'type': 'Pfam-A'}}	[{'sequence_ac': 'USERSEQ1', 'start': 1, 'stop': 46, 'signature_ac': 'PS50977', 'score': '17.296', 'level': '0'}, {'sequence_ac': 'USERSEQ1', 'start': 4, 'stop': 34, 'signature_ac': 'PS01081', 'level_tag': '(0)'}, {'sequence_ac': 'USERSEQ1', 'start': 83, 'stop': 128, 'signature_ac': 'PS51120', 'score': '4.935', 'level': '-1'}]	noHomolog	['GO:DNA binding ; GO:0003677']	359 -> TetR family transcriptional regulator -> Transcriptional repressor that may be responsible for the efflux of tetracycline.
ABO12003	['gi|126388566|gb|ABO13064.1|', 'putative transcriptional regulator [Acinetobacter baumannii ATCC 17978] >gi|884899376|gb|AKQ25978.1|...', 'ABO13064', '2.56516e-139']	{'PF00440': {'accession': 'PF00440.22', 'class': 'Domain', 'id': 'TetR_N', 'locations': {'ali_end': '57', 'ali_start': '16', 'bitscore': '42.4529876708984', 'end': '57', 'evalue': '2.2e-11', 'evidence': 'hmmer v3.0', 'hmm_end': '45', 'hmm_start': '4', 'significant': '1', 'start': '16'}, 'type': 'Pfam-A'}}	[{'sequence_ac': 'USERSEQ1', 'start': 7, 'stop': 67, 'signature_ac': 'PS50977', 'score': '15.775', 'level': '0'}]	noHomolog	['GO:DNA binding ; GO:0003677']	360 -> TetR family transcriptional regulator -> Transcriptional repressor that may be responsible for the efflux of tetracycline.
ABO12007	['gi|446764105|ref|WP_000841361.1|', 'MULTISPECIES: transcription elongation factor GreB [Acinetobacter calcoaceticus/baumannii complex] >...', 'WP_000841361', '7.98466e-116']	{'PF03449': {'accession': 'PF03449.14', 'class': 'Domain', 'id': 'GreA_GreB_N', 'locations': {'ali_end': '74', 'ali_start': '5', 'bitscore': '83.6350479125977', 'end': '74', 'evalue': '4.7e-24', 'evidence': 'hmmer v3.0', 'hmm_end': '71', 'hmm_start': '2', 'significant': '1', 'start': '5'}, 'type': 'Pfam-A'}}	[{'sequence_ac': 'USERSEQ1', 'start': 17, 'stop': 48, 'signature_ac': 'PS00829', 'level_tag': '(0)'}, {'sequence_ac': 'USERSEQ1', 'start': 120, 'stop': 136, 'signature_ac': 'PS00830', 'level_tag': '(0)'}]	noHomolog	['GO:regulation of DNA-templated transcription, elongation ; GO:0032784', 'GO:DNA binding ; GO:0003677']	361 -> transcription elongation factor GreB -> Necessary for efficient RNA polymerase transcription elongation past template-encoded arresting sites. Not likely to be related to antibacterial resistance.
ABO12010	['gi|487911147|ref|WP_001984613.1|', 'MULTISPECIES: ABC transporter substrate-binding protein [Acinetobacter calcoaceticus/baumannii compl...', 'WP_001984613', '0.0']	noHomolog	[{'sequence_ac': 'USERSEQ1', 'start': 201, 'stop': 229, 'signature_ac': 'PS00922', 'level_tag': '(0)'}]	noHomolog	noHomolog	362 -> ABC transporter substrate-binding protein -> Uses the hydrolysis of ATP to export and import a variety of substrates. Not likely to be related to antibacterial resistance.
ABO12019	['gi|169150735|emb|CAM88647.1|', 'conserved hypothetical protein [Acinetobacter baumannii AYE] >gi|169153729|emb|CAP02930.1| conserved...', 'CAM88647', '6.78176e-56']	{'PF02583': {'accession': 'PF02583.16', 'class': 'Domain', 'id': 'Trns_repr_metal', 'locations': {'ali_end': '85', 'ali_start': '7', 'bitscore': '84.1244201660156', 'end': '85', 'evalue': '5.4e-24', 'evidence': 'hmmer v3.0', 'hmm_end': '77', 'hmm_start': '2', 'significant': '1', 'start': '7'}, 'type': 'Pfam-A'}}	noHomolog	noHomolog	['GO:metal ion binding ; GO:0046872', 'GO:regulation of transcription, DNA-templated ; GO:0006355', 'GO:DNA binding ; GO:0003677']	363 -> metal/formaldehyde-sensitive transcriptional repressor -> "Proteins that bind to both copper, nickel or cobalt ions via conserved cysteine and histidine residues and to promoter regions to repress transcription. When bound to metal ions they are unable to bind DNA, leading to transcriptional derepression. Not likely to be related to antibacterial resistance."
ABO12356	['gi|126388885|gb|ABO13383.1|', 'hypothetical protein A1S_2980 [Acinetobacter baumannii ATCC 17978]', 'ABO13383', '1.61177e-115']	{'PF02096': {'accession': 'PF02096.19', 'class': 'Domain', 'id': '60KD_IMP', 'locations': {'ali_end': '150', 'ali_start': '1', 'bitscore': '161.390777587891', 'end': '150', 'evalue': '1.4e-47', 'evidence': 'hmmer v3.0', 'hmm_end': '166', 'hmm_start': '30', 'significant': '1', 'start': '1'}, 'type': 'Pfam-A'}}	noHomolog	{'acb02024': 'Quorum sensing', 'acb03060': 'Protein export', 'acb03070': 'Bacterial secretion system'}	['GO:protein insertion into membrane ; GO:0051205', 'GO:integral component of membrane ; GO:0016021']	364 -> membrane protein insertase YidC -> Inner membrane protein required for the insertion and/or proper folding and/or complex formation of integral inner membrane proteins. Not likely to be related to antibacterial resistance.
ABO12359	['gi|126388886|gb|ABO13384.1|', 'Inner membrane protein (IMP) integration factor [Acinetobacter baumannii ATCC 17978]', 'ABO13384', '0.0']	{'PF14849': {'accession': 'PF14849.5', 'class': 'Domain', 'id': 'YidC_periplas', 'locations': {'ali_end': '323', 'ali_start': '27', 'bitscore': '238.385452270508', 'end': '323', 'evalue': '8.0e-71', 'evidence': 'hmmer v3.0', 'hmm_end': '281', 'hmm_start': '2', 'significant': '1', 'start': '27'}, 'type': 'Pfam-A'}}	[{'sequence_ac': 'USERSEQ1', 'start': 306, 'stop': 366, 'signature_ac': 'PS51107', 'score': '7.440', 'level': '-1'}]	{'acb02024': 'Quorum sensing', 'acb03060': 'Protein export', 'acb03070': 'Bacterial secretion system'}	noHomolog	365 -> membrane protein insertase YidC -> Inner membrane protein required for the insertion and/or proper folding and/or complex formation of integral inner membrane proteins. Not likely to be related to antibacterial resistance.
ABO12360	['gi|446173797|ref|WP_000251652.1|', 'MULTISPECIES: membrane protein insertion efficiency factor YidD [Acinetobacter calcoaceticus/baumann...', 'WP_000251652', '1.92914e-73']	{'PF01809': {'accession': 'PF01809.17', 'class': 'Domain', 'id': 'Haemolytic', 'locations': {'ali_end': '68', 'ali_start': '3', 'bitscore': '102.411346435547', 'end': '68', 'evalue': '5.9e-30', 'evidence': 'hmmer v3.0', 'hmm_end': '65', 'hmm_start': '2', 'significant': '1', 'start': '3'}, 'type': 'Pfam-A'}}	noHomolog	noHomolog	noHomolog	366 -> membrane protein insertion efficiency factor YidD -> Involved in insertion of integral membrane proteins into the membrane. Not likely to be related to antibacterial resistance.
ABO12364	['gi|446380500|ref|WP_000458355.1|', 'hypothetical protein [Acinetobacter baumannii] >gi|126388890|gb|ABO13388.1| hypothetical protein A1S...', 'WP_000458355', '2.03819e-108']	{'PF13689': {'accession': 'PF13689.5', 'class': 'Domain', 'id': 'DUF4154', 'locations': {'ali_end': '150', 'ali_start': '20', 'bitscore': '83.4322128295898', 'end': '150', 'evalue': '1.4e-23', 'evidence': 'hmmer v3.0', 'hmm_end': '143', 'hmm_start': '8', 'significant': '1', 'start': '20'}, 'type': 'Pfam-A'}}	noHomolog	noHomolog	noHomolog	367 -> Hypothetical Protein -> In pfam family 'DUF4154'
ABO12365	['gi|974679041|ref|WP_059262761.1|', 'GGDEF domain-containing protein [Acinetobacter baumannii]', 'WP_059262761', '0.0']	{'PF00990': {'accession': 'PF00990.20', 'class': 'Domain', 'id': 'GGDEF', 'locations': {'ali_end': '356', 'ali_start': '204', 'bitscore': '154.208160400391', 'end': '356', 'evalue': '1.3e-45', 'evidence': 'hmmer v3.0', 'hmm_end': '158', 'hmm_start': '1', 'significant': '1', 'start': '204'}, 'type': 'Pfam-A'}}	[{'sequence_ac': 'USERSEQ1', 'start': 233, 'stop': 364, 'signature_ac': 'PS50887', 'score': '30.260', 'level': '0'}, {'sequence_ac': 'USERSEQ1', 'start': 357, 'stop': 366, 'signature_ac': 'PS50915', 'score': '5.604', 'level': '-1'}]	noHomolog	noHomolog	368 -> GGDEF domain-containing protein -> Protein containing a GGDEF domain very commonly found in bacteria. It is acts as a diguanylate cyclase and synthesizes cyclic di-GMP. Not likely to be related to antibacterial resistance.
ABO12714	['gi|446001335|ref|WP_000079190.1|', 'phospholipase D family protein [Acinetobacter baumannii] >gi|1096774051|gb|OIG48499.1| phospholipase...', 'WP_000079190', '0.0']	noHomolog	[{'sequence_ac': 'USERSEQ1', 'start': 1, 'stop': 278, 'signature_ac': 'PS51181', 'score': '5.584', 'level': '-1'}, {'sequence_ac': 'USERSEQ1', 'start': 10, 'stop': 37, 'signature_ac': 'PS50035', 'score': '12.480', 'level': '0'}, {'sequence_ac': 'USERSEQ1', 'start': 220, 'stop': 284, 'signature_ac': 'PS51077', 'score': '6.515', 'level': '-1'}, {'sequence_ac': 'USERSEQ1', 'start': 260, 'stop': 286, 'signature_ac': 'PS50035', 'score': '11.974', 'level': '0'}]	{'acb00564': 'Glycerophospholipid metabolism', 'acb01100': 'Metabolic pathways'}	noHomolog	369 -> phospholipase D family protein -> "Protein likely involved in Glycerophospholipid metabolism, in which it hydrolyzes phosphatidylcholine into 1-Acyl-sn-glycero-3-phosphocholine. Not likely to be related to antibacterial resistance."
ABO12719	['gi|1047309885|ref|WP_065709759.1|', 'GTPase HflX [Acinetobacter baumannii]', 'WP_065709759', '0.0']	{'PF13167': {'accession': 'PF13167.5', 'class': 'Domain', 'id': 'GTP-bdg_N', 'locations': {'ali_end': '113', 'ali_start': '28', 'bitscore': '109.161773681641', 'end': '113', 'evalue': '4.2e-32', 'evidence': 'hmmer v3.0', 'hmm_end': '89', 'hmm_start': '4', 'significant': '1', 'start': '28'}, 'type': 'Pfam-A'}}	[{'sequence_ac': 'USERSEQ1', 'start': 1, 'stop': 4, 'signature_ac': 'PS51127', 'score': '4.603', 'level': '-1'}, {'sequence_ac': 'USERSEQ1', 'start': 143, 'stop': 420, 'signature_ac': 'PS51417', 'score': '6.635', 'level': '-1'}, {'sequence_ac': 'USERSEQ1', 'start': 198, 'stop': 363, 'signature_ac': 'PS51706', 'score': '7.219', 'level': '-3', 'level_tag': 'OUTCOMPETED_HIT_BY_PS51705'}, {'sequence_ac': 'USERSEQ1', 'start': 200, 'stop': 365, 'signature_ac': 'PS51705', 'score': '57.277', 'level': '0'}, {'sequence_ac': 'USERSEQ1', 'start': 281, 'stop': 362, 'signature_ac': 'PS51709', 'score': '11.054', 'level': '-2', 'level_tag': 'OUTCOMPETED_HIT_BY_PS51705'}]	noHomolog	noHomolog	370 -> GTPase HflX -> GTPase that associates with the 50S ribosomal subunit and may have a role during protein synthesis or ribosome biogenesis. Not likely to be related to antibacterial resistance.
ABO13035	['gi|408703432|gb|EKL48828.1|', 'hypothetical protein ACINNAV13_3467 [Acinetobacter baumannii Naval-13]', 'EKL48828', '4.29673e-81']	noHomolog	noHomolog	noHomolog	noHomolog	371 -> Hypothetical Protein -> NaN
ABO13036	['gi|126389255|gb|ABO13753.1|', 'putative VGR-related protein [Acinetobacter baumannii ATCC 17978]', 'ABO13753', '0.0']	{'PF05954': {'accession': 'PF05954.10', 'class': 'Domain', 'id': 'Phage_GPD', 'locations': {'ali_end': '335', 'ali_start': '3', 'bitscore': '205.210189819336', 'end': '335', 'evalue': '7.4e-61', 'evidence': 'hmmer v3.0', 'hmm_end': '303', 'hmm_start': '11', 'significant': '1', 'start': '3'}, 'type': 'Pfam-A'}}	noHomolog	noHomolog	noHomolog	372 -> type VI secretion system protein -> Part of the Vgr family (Val-Gly Repeats) and important for bacterial pathogenesis. Also found in non-pathogenic bacteria. Not likely to be related to antibacterial resistance.
ABO13041	['gi|126389257|gb|ABO13755.1|', 'gamma-glutamate-cysteine ligase [Acinetobacter baumannii ATCC 17978]', 'ABO13755', '0.0']	{'PF04262': {'accession': 'PF04262.13', 'class': 'Domain', 'id': 'Glu_cys_ligase', 'locations': {'ali_end': '365', 'ali_start': '2', 'bitscore': '473.839294433594', 'end': '365', 'evalue': '2.1e-142', 'evidence': 'hmmer v3.0', 'hmm_end': '372', 'hmm_start': '17', 'significant': '1', 'start': '2'}, 'type': 'Pfam-A'}}	noHomolog	{'acb00270': 'Cysteine and methionine metabolism', 'acb00480': 'Glutathione metabolism', 'acb01100': 'Metabolic pathways'}	['GO:glutathione biosynthetic process ; GO:0006750', 'GO:glutamate-cysteine ligase activity ; GO:0004357']	373 -> gamma-glutamate-cysteine ligase -> Family of proteins involved in the glutathione biosynthesis pathway and cysteine and methionine metabolism. Not likely to be related to antibacterial resistance.
ABO13360	['gi|595149649|gb|EXV74448.1|', 'response regulator [Acinetobacter baumannii 25935_1]', 'EXV74448', '2.13372e-30']	{'PF00072': {'accession': 'PF00072.23', 'class': 'Domain', 'id': 'Response_reg', 'locations': {'ali_end': '54', 'ali_start': '6', 'bitscore': '29.2826137542725', 'end': '54', 'evalue': '6.5e-07', 'evidence': 'hmmer v3.0', 'hmm_end': '50', 'hmm_start': '1', 'significant': '1', 'start': '6'}, 'type': 'Pfam-A'}}	[{'sequence_ac': 'USERSEQ1', 'start': 1, 'stop': 19, 'signature_ac': 'PS50144', 'score': '5.867', 'level': '-1'}, {'sequence_ac': 'USERSEQ1', 'start': 5, 'stop': 54, 'signature_ac': 'PS50110', 'score': '17.129', 'level': '0'}]	noHomolog	['GO:phosphorelay signal transduction system ; GO:0000160']	374 -> positive pho regulon response regulator -> "Positive response regulator for the pho regulon, autophosphorylates and phosphorylates sensor PhoR. Not likely to be related to antibacterial resistance."
ABO13367	['gi|126389266|gb|ABO13764.1|', 'positive pho regulon response regulator [Acinetobacter baumannii ATCC 17978]', 'ABO13764', '5.27806e-109']	{'PF00486': {'accession': 'PF00486.27', 'class': 'Domain', 'id': 'Trans_reg_C', 'locations': {'ali_end': '145', 'ali_start': '73', 'bitscore': '86.3730239868164', 'end': '145', 'evalue': '5.4e-25', 'evidence': 'hmmer v3.0', 'hmm_end': '77', 'hmm_start': '4', 'significant': '1', 'start': '73'}, 'type': 'Pfam-A'}}	[{'sequence_ac': 'USERSEQ1', 'start': 1, 'stop': 40, 'signature_ac': 'PS50110', 'score': '19.957', 'level': '0'}, {'sequence_ac': 'USERSEQ1', 'start': 49, 'stop': 147, 'signature_ac': 'PS51755', 'score': '39.121', 'level': '0'}]	{'acb02020': 'Two-component system'}	['GO:regulation of transcription, DNA-templated ; GO:0006355', 'GO:phosphorelay signal transduction system ; GO:0000160', 'GO:DNA binding ; GO:0003677']	375 -> positive pho regulon response regulator -> "Positive response regulator for the pho regulon, autophosphorylates and phosphorylates sensor PhoR. Not likely to be related to antibacterial resistance."
ABO13370	['gi|126389272|gb|ABO13770.1|', 'AnkB protein [Acinetobacter baumannii ATCC 17978] >gi|342224927|gb|EGT89939.1| ankyrin repeat-contai...', 'ABO13770', '6.21226e-97']	{'PF12796': {'accession': 'PF12796.6', 'class': 'Domain', 'id': 'Ank_2', 'locations': {'ali_end': '105', 'ali_start': '18', 'bitscore': '44.2547340393066', 'end': '105', 'evalue': '8.0e-12', 'evidence': 'hmmer v3.0', 'hmm_end': '81', 'hmm_start': '3', 'significant': '1', 'start': '18'}, 'type': 'Pfam-A'}}	[{'sequence_ac': 'USERSEQ1', 'start': 19, 'stop': 43, 'signature_ac': 'PS50088', 'score': '6.867', 'level': '-1'}, {'sequence_ac': 'USERSEQ1', 'start': 19, 'stop': 109, 'signature_ac': 'PS50297', 'score': '21.614', 'level': '0'}, {'sequence_ac': 'USERSEQ1', 'start': 44, 'stop': 76, 'signature_ac': 'PS50088', 'score': '11.995', 'level': '0'}, {'sequence_ac': 'USERSEQ1', 'start': 78, 'stop': 100, 'signature_ac': 'PS51082', 'score': '5.999', 'level': '-1'}]	noHomolog	noHomolog	376 -> AnkB protein -> Highly expressed in cardiac muscle. Important for the localization and membrane stabilization of ion transporters and ion channels in cardiomyocytes. Not likely to be related to antibacterial resistance.
ABO13371	['gi|169147227|emb|CAM85086.1|', 'conserved hypothetical protein; putative membrane protein [Acinetobacter baumannii AYE] >gi|26040864...', 'CAM85086', '5.10337e-76']	noHomolog	noHomolog	noHomolog	noHomolog	377 -> putative membrane protein -> NaN
ABO13375	['gi|546203288|dbj|BAN88531.1|', 'delta-aminolevulinic acid dehydratase [Acinetobacter baumannii NCGM 237]', 'BAN88531', '0.0']	noHomolog	[{'sequence_ac': 'USERSEQ1', 'start': 1, 'stop': 4, 'signature_ac': 'PS51127', 'score': '4.334', 'level': '-1'}, {'sequence_ac': 'USERSEQ1', 'start': 253, 'stop': 265, 'signature_ac': 'PS00169', 'level_tag': '(0)'}]	{'acb00860': 'Porphyrin and chlorophyll metabolism', 'acb01100': 'Metabolic pathways', 'acb01110': 'Biosynthesis of secondary metabolites', 'acb01120': 'Microbial metabolism in diverse environments'}	noHomolog	378 -> delta-aminolevulinic acid dehydratase -> Converts delta-aminolevulinic acid into porphobilinogen by removing water from delta-aminolevulinic acid. Important enzyme for the porphyrin and heme biosynthetic pathway. Not likely to be related to antibacterial resistance.
ABO13376	['gi|446759863|ref|WP_000837119.1|', 'hypothetical protein [Acinetobacter baumannii] >gi|126386845|gb|ABO11343.1| hypothetical protein A1S...', 'WP_000837119', '3.01493e-140']	noHomolog	[{'sequence_ac': 'USERSEQ1', 'start': 1, 'stop': 8, 'signature_ac': 'PS51127', 'score': '4.210', 'level': '-1'}]	noHomolog	noHomolog	379 -> Hypothetical Protein -> NaN,Only one BLAST hi
ABO13380	['gi|446963838|ref|WP_001041094.1|', 'hypothetical protein [Acinetobacter baumannii] >gi|126386848|gb|ABO11346.1| hypothetical protein A1S...', 'WP_001041094', '1.02138e-170']	noHomolog	[{'sequence_ac': 'USERSEQ1', 'start': 234, 'stop': 242, 'signature_ac': 'PS51147', 'score': '4.575', 'level': '-1'}]	noHomolog	noHomolog	380 -> Hypothetical Protein -> NaN,Only one good BLAST hi
ABO13729	['gi|126386852|gb|ABO11350.1|', 'hypothetical protein A1S_0918 [Acinetobacter baumannii ATCC 17978] >gi|604703814|gb|EYU48765.1| hypo...', 'ABO11350', '9.02826e-34']	{'PF06912': {'accession': 'PF06912.10', 'class': 'Domain', 'id': 'DUF1275', 'locations': {'ali_end': '56', 'ali_start': '21', 'bitscore': '36.6364784240723', 'end': '56', 'evalue': '3.4e-09', 'evidence': 'hmmer v3.0', 'hmm_end': '38', 'hmm_start': '3', 'significant': '1', 'start': '21'}, 'type': 'Pfam-A'}}	noHomolog	noHomolog	noHomolog	381 -> Hypothetical Protein -> Part of the DUF1275 pfam domain.
ABO13731	['gi|446154700|ref|WP_000232555.1|', 'MULTISPECIES: hypothetical protein [Acinetobacter calcoaceticus/baumannii complex] >gi|126387178|gb|...', 'WP_000232555', '7.39951e-168']	{'PF08291': {'accession': 'PF08291.10', 'class': 'Domain', 'id': 'Peptidase_M15_3', 'locations': {'ali_end': '160', 'ali_start': '123', 'bitscore': '25.3677387237549', 'end': '160', 'evalue': '5.8e-06', 'evidence': 'hmmer v3.0', 'hmm_end': '82', 'hmm_start': '45', 'significant': '1', 'start': '123'}, 'type': 'Pfam-A'}}	noHomolog	noHomolog	noHomolog	382 -> peptidase M15 -> Metallopeptidase family that can provide glycopeptide resistance to both vancomycin and teicoplanin. Potentially related to antibacterial resistance.
ABO13735	['gi|126387181|gb|ABO11679.1|', 'mismatch repair protein [Acinetobacter baumannii ATCC 17978]', 'ABO11679', '0.0']	{'PF00488': {'accession': 'PF00488.20', 'class': 'Domain', 'id': 'MutS_V', 'locations': {'ali_end': '500', 'ali_start': '316', 'bitscore': '270.287506103516', 'end': '500', 'evalue': '4.0e-81', 'evidence': 'hmmer v3.0', 'hmm_end': '187', 'hmm_start': '2', 'significant': '1', 'start': '316'}, 'type': 'Pfam-A'}}	[{'sequence_ac': 'USERSEQ1', 'start': 393, 'stop': 409, 'signature_ac': 'PS00486', 'level_tag': '(0)'}]	{'acb03430': 'Mismatch repair'}	['GO:ATP binding ; GO:0005524', 'GO:mismatch repair ; GO:0006298', 'GO:mismatched DNA binding ; GO:0030983']	383 -> DNA mismatch repair protein MutS -> Protein involved in the DNA mismatch repair process. Possibly involved in the recognition step of mismatch repair. Not likely to be related to antibacterial resistance.
ABO13736	['gi|126387182|gb|ABO11680.1|', 'methyl-directed mismatch repair [Acinetobacter baumannii ATCC 17978]', 'ABO11680', '4.29295e-151']	{'PF01624': {'accession': 'PF01624.19', 'class': 'Domain', 'id': 'MutS_I', 'locations': {'ali_end': '108', 'ali_start': '1', 'bitscore': '136.152786254883', 'end': '108', 'evalue': '3.8e-40', 'evidence': 'hmmer v3.0', 'hmm_end': '112', 'hmm_start': '4', 'significant': '1', 'start': '1'}, 'type': 'Pfam-A'}}	noHomolog	noHomolog	['GO:ATP binding ; GO:0005524', 'GO:mismatch repair ; GO:0006298', 'GO:mismatched DNA binding ; GO:0030983']	384 -> methyl-directed mismatch repair -> DNA mismatch repair protein that binds to methylated DNA to indicate which strand is the parent strand. Not likely to be related to antibacterial resistance.
ABO13741	['gi|446682984|ref|WP_000760330.1|', 'DUF2147 domain-containing protein [Acinetobacter baumannii] >gi|126387188|gb|ABO11686.1| hypothetica...', 'WP_000760330', '2.015e-103']	{'PF09917': {'accession': 'PF09917.8', 'class': 'Domain', 'id': 'DUF2147', 'locations': {'ali_end': '143', 'ali_start': '27', 'bitscore': '84.43359375', 'end': '143', 'evalue': '6.3e-24', 'evidence': 'hmmer v3.0', 'hmm_end': '112', 'hmm_start': '2', 'significant': '1', 'start': '27'}, 'type': 'Pfam-A'}}	noHomolog	noHomolog	noHomolog	385 -> Hypothetical Protein -> Part of the DUF2147
ABO13750	['gi|446864783|ref|WP_000942039.1|', 'HAD family hydrolase [Acinetobacter baumannii] >gi|126387193|gb|ABO11691.1| L-2-haloalkanoic acid de...', 'WP_000942039', '1.94944e-106']	{'PF13419': {'accession': 'PF13419.5', 'class': 'Domain', 'id': 'HAD_2', 'locations': {'ali_end': '112', 'ali_start': '3', 'bitscore': '99.105110168457', 'end': '112', 'evalue': '2.2e-28', 'evidence': 'hmmer v3.0', 'hmm_end': '176', 'hmm_start': '67', 'significant': '1', 'start': '3'}, 'type': 'Pfam-A'}}	noHomolog	noHomolog	noHomolog	386 -> HAD family hydrolase -> A hydrolase with three catalytic motifs representative of the Haloacid Dehalogenase superfamily. Not likely to be related to antibacterial resistance.
ABO11309	['gi|126387539|gb|ABO12037.1|', 'Zn-dependent oligopeptidase [Acinetobacter baumannii ATCC 17978]', 'ABO12037', '0.0']	noHomolog	[{'sequence_ac': 'USERSEQ1', 'start': 466, 'stop': 475, 'signature_ac': 'PS00142'}]	noHomolog	noHomolog	387 -> Zn-dependent oligopeptidase -> "Cleaves peptides, but not proteins, relying on Zinc as a cofactor. "
ABO11310	['gi|445935797|ref|WP_000013652.1|', 'MULTISPECIES: 30S ribosomal protein S20 [Acinetobacter calcoaceticus/baumannii complex] >gi|16620000...', 'WP_000013652', '1.58276e-54']	{'PF01649': {'accession': 'PF01649.17', 'class': 'Domain', 'id': 'Ribosomal_S20p', 'locations': {'ali_end': '84', 'ali_start': '2', 'bitscore': '92.7528762817383', 'end': '84', 'evalue': '1.3e-26', 'evidence': 'hmmer v3.0', 'hmm_end': '82', 'hmm_start': '1', 'significant': '1', 'start': '2'}, 'type': 'Pfam-A'}}	[{'sequence_ac': 'USERSEQ1', 'start': 28, 'stop': 61, 'signature_ac': 'PS50005', 'score': '5.222', 'level': '-1'}, {'sequence_ac': 'USERSEQ1', 'start': 50, 'stop': 88, 'signature_ac': 'PS51832', 'score': '6.712', 'level': '-1'}]	{'acb03010': 'Ribosome'}	['GO:structural constituent of ribosome ; GO:0003735', 'GO:ribosome ; GO:0005840', 'GO:intracellular ; GO:0005622', 'GO:translation ; GO:0006412', 'GO:RNA binding ; GO:0003723']	388 -> 30S ribosomal protein S20 -> Bacterial ribosomal protein S20 that interacts with 16S rRNA. Not likely to be related to antibacterial resistance.
ABO11311	['gi|126387551|gb|ABO12049.1|', 'hypothetical protein A1S_1622 [Acinetobacter baumannii ATCC 17978]', 'ABO12049', '1.53436e-48']	noHomolog	noHomolog	noHomolog	noHomolog	389 -> Hypothetical Protein -> NaN
ABO11316	['gi|126387554|gb|ABO12052.1|', 'putative adenylate or guanylate cyclase [Acinetobacter baumannii ATCC 17978]', 'ABO12052', '0.0']	{'PF00211': {'accession': 'PF00211.19', 'class': 'Domain', 'id': 'Guanylate_cyc', 'locations': {'ali_end': '260', 'ali_start': '204', 'bitscore': '39.6789169311523', 'end': '260', 'evalue': '1.9e-10', 'evidence': 'hmmer v3.0', 'hmm_end': '62', 'hmm_start': '6', 'significant': '1', 'start': '204'}, 'type': 'Pfam-A'}}	[{'sequence_ac': 'USERSEQ1', 'start': 208, 'stop': 259, 'signature_ac': 'PS50125', 'score': '14.378', 'level': '0'}]	noHomolog	['GO:phosphorus-oxygen lyase activity ; GO:0016849', 'GO:intracellular signal transduction ; GO:0035556', 'GO:cyclic nucleotide biosynthetic process ; GO:0009190']	390 -> putative adenylate or guanylate cyclase -> "More likely to be guanylate cyclase. Responds to low levels of calcium in the cell to produce cGMP from GTP to keep cGMP-gated channels open, allowing calcium to flow into the cell. Not likely to be related to antibacterial resistance."
ABO11322	['gi|500184863|ref|WP_011859186.1|', 'adenylate/guanylate cyclase domain-containing protein, partial [Acinetobacter baumannii] >gi|1263875...', 'WP_011859186', '1.60785e-124']	{'PF00211': {'accession': 'PF00211.19', 'class': 'Domain', 'id': 'Guanylate_cyc', 'locations': {'ali_end': '89', 'ali_start': '5', 'bitscore': '53.2657852172852', 'end': '89', 'evalue': '1.5e-14', 'evidence': 'hmmer v3.0', 'hmm_end': '182', 'hmm_start': '99', 'significant': '1', 'start': '5'}, 'type': 'Pfam-A'}}	[{'sequence_ac': 'USERSEQ1', 'start': 1, 'stop': 44, 'signature_ac': 'PS50125', 'score': '12.182', 'level': '0'}]	noHomolog	['GO:phosphorus-oxygen lyase activity ; GO:0016849', 'GO:intracellular signal transduction ; GO:0035556', 'GO:cyclic nucleotide biosynthetic process ; GO:0009190']	391 -> adenylate/guanylate cyclase domain-containing protein -> "Responds to low levels of calcium in the cell to produce cGMP from GTP to keep cGMP-gated channels open, allowing calcium to flow into the cell. Not likely to be related to antibacterial resistance."
ABO11323	['gi|126387561|gb|ABO12059.1|', 'cysteine desulfurase [Acinetobacter baumannii ATCC 17978]', 'ABO12059', '3.16859e-59']	noHomolog	[{'sequence_ac': 'USERSEQ1', 'start': 84, 'stop': 91, 'signature_ac': 'PS51120', 'score': '4.471', 'level': '-1'}]	noHomolog	noHomolog	392 -> cysteine desulfurase -> Converts cysteine into alanine and S-sulfanylcysteine. Part of thiamine metabolism. Not likely to be related to antibacterial resistance.
ABO11324	['gi|347594018|gb|AEP06739.1|', 'conserve hypothetical protein [Acinetobacter baumannii MDR-ZJ06]', 'AEP06739', '0.0']	{'PF04055': {'accession': 'PF04055.20', 'class': 'Domain', 'id': 'Radical_SAM', 'locations': {'ali_end': '109', 'ali_start': '45', 'bitscore': '-0.593619465827942', 'end': '109', 'evalue': '1.6e-28', 'evidence': 'hmmer v3.0', 'hmm_end': '134', 'hmm_start': '81', 'significant': None, 'start': '45'}, 'type': 'Pfam-A'}}	[{'sequence_ac': 'USERSEQ1', 'start': 1, 'stop': 9, 'signature_ac': 'PS51127', 'score': '5.223', 'level': '-1'}, {'sequence_ac': 'USERSEQ1', 'start': 4, 'stop': 114, 'signature_ac': 'PS51449', 'score': '26.713', 'level': '0'}, {'sequence_ac': 'USERSEQ1', 'start': 141, 'stop': 161, 'signature_ac': 'PS01278', 'level_tag': '(0)'}, {'sequence_ac': 'USERSEQ1', 'start': 333, 'stop': 447, 'signature_ac': 'PS51167', 'score': '7.154', 'level': '-1'}, {'sequence_ac': 'USERSEQ1', 'start': 373, 'stop': 443, 'signature_ac': 'PS50926', 'score': '13.962', 'level': '0'}, {'sequence_ac': 'USERSEQ1', 'start': 427, 'stop': 447, 'signature_ac': 'PS51179', 'score': '6.696', 'level': '-1'}]	noHomolog	['GO:iron-sulfur cluster binding ; GO:0051536', 'GO:catalytic activity ; GO:0003824']	393 -> 30S ribosomal protein S12 methylthiotransferase RimO -> Catalyzes the methylthiolation of the residue Asp-89 of ribosomal protein S12. Not likely to be related to antibacterial resistance.
ABO11329	['gi|446131279|ref|WP_000209134.1|', 'hypothetical protein [Acinetobacter baumannii] >gi|126387910|gb|ABO12408.1| hypothetical protein A1S...', 'WP_000209134', '2.83474e-125']	noHomolog	noHomolog	noHomolog	noHomolog	394 -> Hypothetical Protein -> NaN
ABO11651	['gi|446027864|ref|WP_000105719.1|', 'MULTISPECIES: sulfurtransferase TusD [Acinetobacter] >gi|126387917|gb|ABO12415.1| putative intracell...', 'WP_000105719', '2.08736e-84']	noHomolog	noHomolog	{'acb04122': 'Sulfur relay system'}	noHomolog	395 -> sulfurtransferase TusD -> Part of a sulfur-relay system required for 2-thiolation of 5-methylaminomethyl-2-thiouridine (mnm5s2U) at tRNA wobble positions. Accepts sulfur from TusA and transfers it in turn to TusE. Not likely to be related to antibacterial resistance.
ABO11655	['gi|169148591|emb|CAM86457.1|', 'conserved hypothetical protein [Acinetobacter baumannii AYE] >gi|332729183|gb|EGJ60526.1| hypothetic...', 'CAM86457', '7.25875e-63']	noHomolog	[{'sequence_ac': 'USERSEQ1', 'start': 1, 'stop': 9, 'signature_ac': 'PS51127', 'score': '5.057', 'level': '-1'}]	noHomolog	noHomolog	396 -> Hypothetical Protein -> "potentially DsrH like. Seems likely, as it is surrounded by sulfur relay system proteins."
ABO11657	['gi|446970283|ref|WP_001047539.1|', 'MULTISPECIES: sulfite reductase [Acinetobacter] >gi|126387920|gb|ABO12418.1| putative sulfite reduct...', 'WP_001047539', '2.72457e-71']	noHomolog	noHomolog	{'acb04122': 'Sulfur relay system'}	noHomolog	397 -> sulfite reductase -> Reduces sulfite into hydrogen sulfide. Part of the sulfur relay system. Not likely to be related to antibacterial resistance.
ABO11659	['gi|126388254|gb|ABO12752.1|', 'putative acyl-CoA dehydrogenase [Acinetobacter baumannii ATCC 17978]', 'ABO12752', '3.23611e-114']	{'PF02771': {'accession': 'PF02771.15', 'class': 'Domain', 'id': 'Acyl-CoA_dh_N', 'locations': {'ali_end': '32', 'ali_start': '12', 'bitscore': '-2.76261377334595', 'end': '32', 'evalue': '7.9e-17', 'evidence': 'hmmer v3.0', 'hmm_end': '28', 'hmm_start': '8', 'significant': None, 'start': '12'}, 'type': 'Pfam-A'}}	noHomolog	noHomolog	['GO:oxidoreductase activity, acting on the CH-CH group of donors ; GO:0016627', 'GO:flavin adenine dinucleotide binding ; GO:0050660', 'GO:oxidation-reduction process ; GO:0055114']	398 -> putative acyl-CoA dehydrogenase -> "Contains the N-terminal domain of acyl-CoA dehydrogenase, which catalyze the initial step in each cycle of fatty acid Î²-oxidation. Not likely to be related to antibacterial resistance."
ABO12030	['gi|126388255|gb|ABO12753.1|', 'putative acyl-CoA dehydrogenase [Acinetobacter baumannii ATCC 17978]', 'ABO12753', '0.0']	noHomolog	[{'sequence_ac': 'USERSEQ1', 'start': 184, 'stop': 229, 'signature_ac': 'PS50912', 'score': '6.249', 'level': '-1'}]	{'acb00071': 'Fatty acid degradation', 'acb01100': 'Metabolic pathways', 'acb01212': 'Fatty acid metabolism'}	noHomolog	399 -> putative acyl-CoA dehydrogenase -> Catalyzes the initial step in each cycle of fatty acid Î²-oxidation. Not likely to be related to antibacterial resistance.
ABO12033	['gi|126388264|gb|ABO12762.1|', 'HtrA-like serine protease [Acinetobacter baumannii ATCC 17978]', 'ABO12762', '1.33789e-163']	{'PF13180': {'accession': 'PF13180.5', 'class': 'Domain', 'id': 'PDZ_2', 'locations': {'ali_end': '31', 'ali_start': '15', 'bitscore': '0.125526696443558', 'end': '31', 'evalue': '1.5e-16', 'evidence': 'hmmer v3.0', 'hmm_end': '42', 'hmm_start': '26', 'significant': None, 'start': '15'}, 'type': 'Pfam-A'}}	[{'sequence_ac': 'USERSEQ1', 'start': 117, 'stop': 206, 'signature_ac': 'PS50106', 'score': '14.456', 'level': '0'}]	noHomolog	['GO:protein binding ; GO:0005515']	400 -> HtrA-like serine protease -> "Cleaves peptide bonds in proteins, in which serine serves as the nucleophilic amino acid at the enzyme's active site. Has PDZ domain which usually functions to anchor receptor proteins in the membrane to cytoskeletal components."